Average,Maximum
4.4,136.0
0.0,0.0
24.266666666666666,776.0
0.0,0.0
0.0,0.0
24.266666666666666,776.0
0.0,0.0
